<?xml version="1.0"?>
<!DOCTYPE hibernate-mapping PUBLIC "-//Hibernate/Hibernate Mapping DTD 3.0//EN"
"http://hibernate.sourceforge.net/hibernate-mapping-3.0.dtd">
<!-- Generated 2019. 8. 18 ???? 3:10:29 by Hibernate Tools 3.5.0.Final -->
<hibernate-mapping>
    <class name="News.NewsDoc" table="News">
        <id name="id" type="java.lang.Integer">
            <column name="ID" />
            <generator class="assigned" />
        </id>
        <property name="title" type="java.lang.String">
            <column name="TITLE" />
        </property>
        <property name="SCRIPT" type="java.lang.String">
           	<column name="SCRIPT" sql-type="TEXT" />
        </property>
    </class>
</hibernate-mapping>
